INSERT INTO "users" ("id", "name", "email", "password", "role", "bio", "university_id", "phone", "designation", "employee_id", "profile_photo") VALUES ('1', 'Super Admin', 'super@smartuni.edu', 'password', 'Super Admin', NULL, NULL, NULL, NULL, NULL, NULL);
INSERT INTO "users" ("id", "name", "email", "password", "role", "bio", "university_id", "phone", "designation", "employee_id", "profile_photo") VALUES ('2', 'University Admin', 'admin@uni.com', 'password', 'University Admin', 'Administrator', NULL, NULL, NULL, NULL, NULL);
INSERT INTO "users" ("id", "name", "email", "password", "role", "bio", "university_id", "phone", "designation", "employee_id", "profile_photo") VALUES ('3', 'Emon Sarker', 'emon@uni.com', 'password', 'Student', NULL, 'U1', NULL, NULL, NULL, NULL);
INSERT INTO "users" ("id", "name", "email", "password", "role", "bio", "university_id", "phone", "designation", "employee_id", "profile_photo") VALUES ('_bUfEoxkwxo', 'Emran Hossain', 'eh@gmail.com', 'password', 'Faculty Member', NULL, 'U1', '+1-555-0101', 'Associate Professor', 'EMP-1024', 'https://api.dicebear.com/7.x/avataaars/svg?seed=Sarah');
INSERT INTO "users" ("id", "name", "email", "password", "role", "bio", "university_id", "phone", "designation", "employee_id", "profile_photo") VALUES ('dbZguN2EI5k', 'Abul Hasan', 'abulhasan@gmail.com', 'password', 'Student', NULL, 'U1', NULL, NULL, NULL, NULL);
INSERT INTO "users" ("id", "name", "email", "password", "role", "bio", "university_id", "phone", "designation", "employee_id", "profile_photo") VALUES ('6kPK6SQR8wI', 'Tanvir', 'tanvir@gmail.com', 'password', 'Student', NULL, 'U1', NULL, NULL, NULL, NULL);
INSERT INTO "users" ("id", "name", "email", "password", "role", "bio", "university_id", "phone", "designation", "employee_id", "profile_photo") VALUES ('sOqTyhZaJSE', 'Emon', 'emon@gmail.com', 'password', 'Student', NULL, 'U1', NULL, NULL, NULL, NULL);
INSERT INTO "users" ("id", "name", "email", "password", "role", "bio", "university_id", "phone", "designation", "employee_id", "profile_photo") VALUES ('sK14Ckb2oMc', 'Kamal Ahmed', 'kamal@gmail.com', 'password', 'Student', NULL, 'U1', NULL, NULL, NULL, NULL);
INSERT INTO "users" ("id", "name", "email", "password", "role", "bio", "university_id", "phone", "designation", "employee_id", "profile_photo") VALUES ('PdeH6fJKJg8', NULL, 'student@smartuni.edu', 'password', 'Student', NULL, NULL, NULL, NULL, NULL, NULL);
INSERT INTO "users" ("id", "name", "email", "password", "role", "bio", "university_id", "phone", "designation", "employee_id", "profile_photo") VALUES ('Ku6BZ9iD2Uk', 'HM Shobuj', 'shobuj@gmail.com', 'password', 'Faculty Member', NULL, 'U1', NULL, NULL, NULL, NULL);
INSERT INTO "users" ("id", "name", "email", "password", "role", "bio", "university_id", "phone", "designation", "employee_id", "profile_photo") VALUES ('3inAhnivmKg', 'Shimul PK', 'pk@gmail.com', 'password', 'Student', NULL, 'U1', NULL, NULL, NULL, NULL);
INSERT INTO "users" ("id", "name", "email", "password", "role", "bio", "university_id", "phone", "designation", "employee_id", "profile_photo") VALUES ('FNNj2E9ZDoM', 'Abul Hasan', 'ah@gmail.com', 'password', 'Staff', NULL, 'U1', NULL, NULL, NULL, NULL);
INSERT INTO "users" ("id", "name", "email", "password", "role", "bio", "university_id", "phone", "designation", "employee_id", "profile_photo") VALUES ('66JSQrEDMlw', 'Emon Sarkar', 'es@gmail.com', 'password', 'Faculty Member', NULL, 'QY2ZdCtXO2Q', NULL, NULL, NULL, NULL);
INSERT INTO "features" ("id", "title", "description", "icon", "color") VALUES ('f1', 'University ERP', 'Streamline administrative workflows, faculty management, and campus operations with a unified intelligent system.', 'svg-erp', 'from-blue-500 to-cyan-400');
INSERT INTO "features" ("id", "title", "description", "icon", "color") VALUES ('f2', 'Intelligent LMS', 'Next-generation learning management with interactive courses, real-time collaboration, and automated assessments.', 'svg-lms', 'from-mit-red to-orange-500');
INSERT INTO "features" ("id", "title", "description", "icon", "color") VALUES ('f3', 'Examination Engine', 'Secure, proctored digital examinations with automated grading and detailed performance analytics.', 'svg-exam', 'from-emerald-500 to-teal-400');
INSERT INTO "features" ("id", "title", "description", "icon", "color") VALUES ('f4', 'Financial Management', 'Comprehensive tuition tracking, payroll, grants management, and real-time financial reporting.', 'svg-finance', 'from-purple-500 to-pink-500');
INSERT INTO "hero_content" ("eyebrow", "title", "description", "id") VALUES ('Next-Gen Academic OS v2.0', 'Transform Universities Into Intelligent Digital Campuses', 'Enterprise ERP + LMS ecosystem for modern higher education institutions. Unify data, automate workflows, and elevate the learning experience with AI-powered analytics.', 'auto-745872');
INSERT INTO "staff_profiles" ("id", "user_id", "designation", "department", "joining_date", "salary", "phone", "address") VALUES ('SP1', '_bUfEoxkwxo', 'Senior Lecturer', 'Computer Science', '2023-01-15', 5000, '+1-555-0101', '123 Academic Way, NY');
INSERT INTO "staff_profiles" ("id", "user_id", "designation", "department", "joining_date", "salary", "phone", "address") VALUES ('SP2', NULL, 'Admin Coordinator', 'Registrar Office', '2024-03-10', 3500, '+1-555-0202', '456 Office Plaza, NY');
INSERT INTO "staff_profiles" ("id", "user_id", "designation", "department", "joining_date", "salary", "phone", "address") VALUES ('2rWgxIaAsG8', 'Ku6BZ9iD2Uk', 'Lecturer ', 'Department of Bengali', '2026-06-27', 4500, '', '');
INSERT INTO "staff_profiles" ("id", "user_id", "designation", "department", "joining_date", "salary", "phone", "address") VALUES ('zI1-FbEZMJc', 'FNNj2E9ZDoM', 'Section Officer', 'Department of English', '2026-06-27', 4000, '', '');
INSERT INTO "staff_profiles" ("id", "user_id", "designation", "department", "joining_date", "salary", "phone", "address") VALUES ('v1bQqzYzJgM', '66JSQrEDMlw', 'Teacher', 'Department of Management', '2026-06-27', 3500, '', '');
INSERT INTO "attendance" ("id", "user_id", "date", "status", "check_in", "check_out") VALUES ('A1', '_bUfEoxkwxo', '2026-05-15', 'Present', '08:55 AM', '05:05 PM');
INSERT INTO "attendance" ("id", "user_id", "date", "status", "check_in", "check_out") VALUES ('A2', NULL, '2026-05-15', 'Present', '09:00 AM', '06:00 PM');
INSERT INTO "leave_requests" ("id", "user_id", "type", "start_date", "end_date", "reason", "status") VALUES ('L1', '_bUfEoxkwxo', 'Sick Leave', '2026-06-01', '2026-06-02', 'Medical checkup', 'Pending');
INSERT INTO "tasks" ("id", "assigned_to", "title", "description", "priority", "status", "due_date") VALUES ('T1', 'EMP-9999', 'Process Fall Enrollments', 'Review and approve pending student registrations for the new semester.', 'High', 'In Progress', '2026-05-20');
INSERT INTO "tasks" ("id", "assigned_to", "title", "description", "priority", "status", "due_date") VALUES ('T2', '_bUfEoxkwxo', 'Prepare CS101 Exam Paper', 'Submit final draft of the midterm exam for review.', 'Medium', 'Pending', '2026-05-25');
INSERT INTO "universities" ("id", "name", "location", "status", "total_students") VALUES ('U1', 'University of Chittagong', 'Chittagong, Bangladesh', 'Active', 40000);
INSERT INTO "universities" ("id", "name", "location", "status", "total_students") VALUES ('QY2ZdCtXO2Q', 'Smart University', 'Dhanmondy', 'Active', 10000);
INSERT INTO "faculties" ("id", "name", "bn_name", "university_id") VALUES ('F1', 'Faculty of Humanities', 'মানবিক বা কলা অনুষদ', 'U1');
INSERT INTO "faculties" ("id", "name", "bn_name", "university_id") VALUES ('F2', 'Faculty of Law', 'আইন অনুষদ', 'U1');
INSERT INTO "faculties" ("id", "name", "bn_name", "university_id") VALUES ('F3', 'Faculty of Science', 'বিজ্ঞান অনুষদ', 'U1');
INSERT INTO "faculties" ("id", "name", "bn_name", "university_id") VALUES ('F4', 'Faculty of Business Studies', 'ব্যবসায় শিক্ষা অনুষদ', 'U1');
INSERT INTO "faculties" ("id", "name", "bn_name", "university_id") VALUES ('F5', 'Faculty of Engineering And Technology', 'প্রকৌশল ও প্রযুক্তি অনুষদ', 'U1');
INSERT INTO "departments" ("id", "faculty_id", "name", "bn_name", "university_id") VALUES ('D1', 'F1', 'Department of English', 'ইংরেজি বিভাগ', 'U1');
INSERT INTO "departments" ("id", "faculty_id", "name", "bn_name", "university_id") VALUES ('D2', 'F1', 'Department of Bengali', 'বাংলা বিভাগ', 'U1');
INSERT INTO "departments" ("id", "faculty_id", "name", "bn_name", "university_id") VALUES ('D3', 'F1', 'Department of History', 'ইতিহাস বিভাগ', 'U1');
INSERT INTO "departments" ("id", "faculty_id", "name", "bn_name", "university_id") VALUES ('D4', 'F2', 'Department of Law', 'আইন বিভাগ', 'U1');
INSERT INTO "departments" ("id", "faculty_id", "name", "bn_name", "university_id") VALUES ('D5', 'F2', 'Department of Jurisprudence', 'আইনশাস্ত্র বা বিচারব্যবস্থা বিভাগ', 'U1');
INSERT INTO "departments" ("id", "faculty_id", "name", "bn_name", "university_id") VALUES ('D6', 'F2', 'Department of International Law', 'আন্তর্জাতিক আইন বিভাগ', 'U1');
INSERT INTO "departments" ("id", "faculty_id", "name", "bn_name", "university_id") VALUES ('D7', 'F2', 'Department of Human Rights', 'মানবাধিকার বিভাগ', 'U1');
INSERT INTO "departments" ("id", "faculty_id", "name", "bn_name", "university_id") VALUES ('D8', 'F3', 'Department of Physics', 'পদার্থবিজ্ঞান বিভাগ', 'U1');
INSERT INTO "departments" ("id", "faculty_id", "name", "bn_name", "university_id") VALUES ('D9', 'F3', 'Department of Chemistry', 'রসায়ন বিভাগ', 'U1');
INSERT INTO "departments" ("id", "faculty_id", "name", "bn_name", "university_id") VALUES ('D10', 'F3', 'Department of Mathematics', 'গণিত বিভাগ', 'U1');
INSERT INTO "departments" ("id", "faculty_id", "name", "bn_name", "university_id") VALUES ('D11', 'F3', 'Department of Statistics', 'পরিসংখ্যান বিভাগ', 'U1');
INSERT INTO "departments" ("id", "faculty_id", "name", "bn_name", "university_id") VALUES ('D12', 'F3', 'Department of Botany', 'উদ্ভিদবিজ্ঞান বিভাগ', 'U1');
INSERT INTO "departments" ("id", "faculty_id", "name", "bn_name", "university_id") VALUES ('D13', 'F4', 'Department of Accounting', 'হিসাববিজ্ঞান বিভাগ', 'U1');
INSERT INTO "departments" ("id", "faculty_id", "name", "bn_name", "university_id") VALUES ('D14', 'F4', 'Department of Management', 'ব্যবস্থাপনা বিভাগ', 'U1');
INSERT INTO "departments" ("id", "faculty_id", "name", "bn_name", "university_id") VALUES ('D15', 'F4', 'Department of Finance and Banking', 'অর্থায়ন ও ব্যাংকিং বিভাগ', 'U1');
INSERT INTO "departments" ("id", "faculty_id", "name", "bn_name", "university_id") VALUES ('D16', 'F4', 'Department of Marketing', 'বিপণন বিভাগ', 'U1');
INSERT INTO "departments" ("id", "faculty_id", "name", "bn_name", "university_id") VALUES ('D17', 'F5', 'Department of Computer Science and Engineering (CSE)', 'কম্পিউটার বিজ্ঞান ও প্রকৌশল বিভাগ', 'U1');
INSERT INTO "departments" ("id", "faculty_id", "name", "bn_name", "university_id") VALUES ('D18', 'F5', 'Department of Electrical and Electronic Engineering (EEE)', 'তড়িৎ ও ইলেক্ট্রনিক প্রকৌশল বিভাগ', 'U1');
INSERT INTO "departments" ("id", "faculty_id", "name", "bn_name", "university_id") VALUES ('D19', 'F5', 'Department of Civil Engineering (CE)', 'পুরকৌশল বা সিভিল ইঞ্জিনিয়ারিং বিভাগ', 'U1');
INSERT INTO "departments" ("id", "faculty_id", "name", "bn_name", "university_id") VALUES ('Z-QeqcluhrA', 'F5', 'IT', 'আইটি', 'QY2ZdCtXO2Q');
INSERT INTO "courses" ("id", "code", "title", "credits", "department", "status", "enrolled", "capacity", "instructor_id") VALUES ('C1', 'CS101', 'Introduction to Algorithms', 3, 'Department of Computer Science and Engineering (CSE)', 'Active', 120, 150, '_bUfEoxkwxo');
INSERT INTO "courses" ("id", "code", "title", "credits", "department", "status", "enrolled", "capacity", "instructor_id") VALUES ('C2', 'CS205', 'Data Structures', 3, 'Department of Computer Science and Engineering (CSE)', 'Active', 85, 85, '_bUfEoxkwxo');
INSERT INTO "courses" ("id", "code", "title", "credits", "department", "status", "enrolled", "capacity", "instructor_id") VALUES ('DWh0zDi3DsI', '222', 'Advanced Web Tech', 4, 'Department of Computer Science and Engineering (CSE)', 'Active', 45, 50, '_bUfEoxkwxo');
INSERT INTO "courses" ("id", "code", "title", "credits", "department", "status", "enrolled", "capacity", "instructor_id") VALUES ('bubXu5de3xk', '002', 'Programming with Python', 4, 'Department of Computer Science and Engineering (CSE)', 'Draft', 0, 100, NULL);
INSERT INTO "courses" ("id", "code", "title", "credits", "department", "status", "enrolled", "capacity", "instructor_id") VALUES ('m7L5ORuIGGo', '100', 'Java Programming', 4, 'Department of Computer Science and Engineering (CSE)', 'Draft', 0, 100, NULL);
INSERT INTO "courses" ("id", "code", "title", "credits", "department", "status", "enrolled", "capacity", "instructor_id") VALUES ('ATEuVdb3EFE', '77', 'Discrete Math', 4, 'Mathematics', 'Draft', 0, 100, NULL);
INSERT INTO "courses" ("id", "code", "title", "credits", "department", "status", "enrolled", "capacity", "instructor_id") VALUES ('ZnzcVf1OECA', '010', 'Basic Computer', 4, 'fwas', 'Active', 0, 50, NULL);
INSERT INTO "students" ("id", "name", "email", "program", "status", "gpa") VALUES ('3', 'Emon Sarker', 'student@smartuni.edu', 'Department of Computer Science and Engineering (CSE)', 'Active', 3.8);
INSERT INTO "students" ("id", "name", "email", "program", "status", "gpa") VALUES ('dbZguN2EI5k', 'Abul Hasan', 'abulhasan@gmail.com', 'Business Admin', 'Active', 0);
INSERT INTO "students" ("id", "name", "email", "program", "status", "gpa") VALUES ('6kPK6SQR8wI', 'Tanvir', 'tanvir@gmail.com', 'Data Science', 'Active', 0);
INSERT INTO "students" ("id", "name", "email", "program", "status", "gpa") VALUES ('sOqTyhZaJSE', 'Emon', 'emon@gmail.com', 'Data Science', 'Active', 0);
INSERT INTO "students" ("id", "name", "email", "program", "status", "gpa") VALUES ('A-W8kUtRoSo', 'Shimul PK', 'pk@gmail.com', 'B.Sc. in Computer Science', 'Active', 0);
INSERT INTO "student_applications" ("id", "applicant_name", "email", "program", "prior_g_p_a", "status", "submission_date") VALUES ('APP-9982', 'Emma Thompson', 'emma@gmail.com', 'Computer Science', 3.95, 'Accepted', '2026-05-10');
INSERT INTO "student_applications" ("id", "applicant_name", "email", "program", "prior_g_p_a", "status", "submission_date") VALUES ('APP-9983', 'James Wilson', 'james@gmail.com', 'Business Admin', 3.4, 'Accepted', '2026-05-12');
INSERT INTO "student_applications" ("id", "applicant_name", "email", "program", "prior_g_p_a", "status", "submission_date") VALUES ('APP-9984', 'Sophia Martinez', 'sophia@gmail.com', 'Data Science', 3.88, 'Accepted', '2026-05-14');
INSERT INTO "pricing_plans" ("id", "name", "description", "monthly", "annual", "features", "button_text", "popular") VALUES ('starter', 'Starter Campus', 'Perfect for small colleges and single-faculty institutions.', '599', '499', '["Up to 5,000 Students","Basic ERP & LMS","Standard Reporting"]', 'Start Free Trial', false);
INSERT INTO "pricing_plans" ("id", "name", "description", "monthly", "annual", "features", "button_text", "popular") VALUES ('pro', 'Professional University', 'Complete ecosystem for mid-to-large universities.', '1799', '1499', '["Up to 25,000 Students","Advanced AI Analytics","Live Class Integrations","Financial Management Suite"]', 'Get Started', true);
INSERT INTO "pricing_plans" ("id", "name", "description", "monthly", "annual", "features", "button_text", "popular") VALUES ('enterprise', 'Enterprise Multi-Campus', 'Infinite scalability for massive university networks.', 'Custom', 'Custom', '["Unlimited Students","Multi-Campus Control","Dedicated Success Manager","Custom SLA & Deployment"]', 'Contact Sales', false);
INSERT INTO "enrollments" ("id", "student_id", "course_id", "semester", "progress", "attendance", "completed_assignments", "total_assignments") VALUES ('1', '3', 'CS-101', 'Fall 2026', 75, 96, 4, 5);
INSERT INTO "enrollments" ("id", "student_id", "course_id", "semester", "progress", "attendance", "completed_assignments", "total_assignments") VALUES ('2', '3', 'MTH-201', 'Fall 2026', 45, 88, 2, 5);
INSERT INTO "enrollments" ("id", "student_id", "course_id", "semester", "progress", "attendance", "completed_assignments", "total_assignments") VALUES ('UGjD2YOLbds', '3', 'CS101', 'Fall 2026', 0, 0, 0, 0);
INSERT INTO "enrollments" ("id", "student_id", "course_id", "semester", "progress", "attendance", "completed_assignments", "total_assignments") VALUES ('xfEW4aG2Rwg', '3', 'CS205', 'Fall 2026', 0, 0, 0, 0);
INSERT INTO "enrollments" ("id", "student_id", "course_id", "semester", "progress", "attendance", "completed_assignments", "total_assignments") VALUES ('6aXFcLZ-bRY', '3', '222', 'Fall 2026', 0, 0, 0, 0);
INSERT INTO "enrollments" ("id", "student_id", "course_id", "semester", "progress", "attendance", "completed_assignments", "total_assignments") VALUES ('dM6YxNjjrN4', '3', '002', 'Fall 2026', 0, 0, 0, 0);
INSERT INTO "enrollments" ("id", "student_id", "course_id", "semester", "progress", "attendance", "completed_assignments", "total_assignments") VALUES ('JbehpcekLV4', '3', '100', 'Fall 2026', 0, 0, 0, 0);
INSERT INTO "enrollments" ("id", "student_id", "course_id", "semester", "progress", "attendance", "completed_assignments", "total_assignments") VALUES ('M-SMl-i2lKA', '3', 'CS101', 'Fall 2026', 0, 0, 0, 0);
INSERT INTO "enrollments" ("id", "student_id", "course_id", "semester", "progress", "attendance", "completed_assignments", "total_assignments") VALUES ('W83jxISKHM4', '3', 'CS205', 'Fall 2026', 0, 0, 0, 0);
INSERT INTO "enrollments" ("id", "student_id", "course_id", "semester", "progress", "attendance", "completed_assignments", "total_assignments") VALUES ('9YdelRChX_Y', '3', '222', 'Fall 2026', 0, 0, 0, 0);
INSERT INTO "enrollments" ("id", "student_id", "course_id", "semester", "progress", "attendance", "completed_assignments", "total_assignments") VALUES ('yo2zKNUxO4A', '3', '002', 'Fall 2026', 0, 0, 0, 0);
INSERT INTO "enrollments" ("id", "student_id", "course_id", "semester", "progress", "attendance", "completed_assignments", "total_assignments") VALUES ('NjruV0KYfpE', '3', 'CS101', 'Fall 2026', 0, 0, 0, 0);
INSERT INTO "enrollments" ("id", "student_id", "course_id", "semester", "progress", "attendance", "completed_assignments", "total_assignments") VALUES ('fcjra9hZpI8', '3', 'CS205', 'Fall 2026', 0, 0, 0, 0);
INSERT INTO "enrollments" ("id", "student_id", "course_id", "semester", "progress", "attendance", "completed_assignments", "total_assignments") VALUES ('o1eYMmwn8as', '3', '222', 'Fall 2026', 0, 0, 0, 0);
INSERT INTO "enrollments" ("id", "student_id", "course_id", "semester", "progress", "attendance", "completed_assignments", "total_assignments") VALUES ('iW60Qv4ZO9A', '3', '002', 'Fall 2026', 0, 0, 0, 0);
INSERT INTO "enrollments" ("id", "student_id", "course_id", "semester", "progress", "attendance", "completed_assignments", "total_assignments") VALUES ('evpNGkBeEHQ', '3', 'CS101', 'Fall 2026', 0, 0, 0, 0);
INSERT INTO "enrollments" ("id", "student_id", "course_id", "semester", "progress", "attendance", "completed_assignments", "total_assignments") VALUES ('dss7obASlKE', '3', 'CS205', 'Fall 2026', 0, 0, 0, 0);
INSERT INTO "enrollments" ("id", "student_id", "course_id", "semester", "progress", "attendance", "completed_assignments", "total_assignments") VALUES ('_icWeY3aSy0', '3', '222', 'Fall 2026', 0, 0, 0, 0);
INSERT INTO "student_grades" ("id", "student_id", "course_id", "grade", "gp", "credits") VALUES ('1', '3', 'CS-099', 'A', 4, 3);
INSERT INTO "student_grades" ("id", "student_id", "course_id", "grade", "gp", "credits") VALUES ('2', '3', 'MTH-101', 'B+', 3.3, 4);
INSERT INTO "course_content" ("id", "course_id", "title", "type", "duration") VALUES ('MOD-01', 'CS-101', 'Module 1: Big O Notation', 'Video', '45m');
INSERT INTO "course_content" ("id", "course_id", "title", "type", "duration") VALUES ('MOD-02', 'CS-101', 'Module 2: Sorting Algorithms', 'Quiz', '20m');
INSERT INTO "user_progress" ("user_id", "last_accessed_course_id", "last_accessed_module_id", "total_hours_learned", "certificates_earned", "id") VALUES ('3', 'CS-101', 'MOD-02', 42.5, 3, 'vnl2dLrp3Pw');
INSERT INTO "programs" ("id", "name", "department_id", "credits", "duration") VALUES ('P-01', 'B.Sc. in Computer Science', 'D17', 140, '4 Years');
INSERT INTO "programs" ("id", "name", "department_id", "credits", "duration") VALUES ('P-02', 'B.BA in Business Admin', 'D13', 132, '4 Years');
INSERT INTO "programs" ("id", "name", "department_id", "credits", "duration") VALUES ('P-03', 'B.A. in English Literature', 'D1', 120, '4 Years');
INSERT INTO "programs" ("id", "name", "department_id", "credits", "duration") VALUES ('P-04', 'LL.B. (Hons)', 'D4', 144, '4 Years');
INSERT INTO "programs" ("id", "name", "department_id", "credits", "duration") VALUES ('P-05', 'B.Sc. in Physics', 'D8', 136, '4 Years');
INSERT INTO "programs" ("id", "name", "department_id", "credits", "duration") VALUES ('P-06', 'B.Sc. in Electrical Engineering', 'D18', 142, '4 Years');
INSERT INTO "programs" ("id", "name", "department_id", "credits", "duration") VALUES ('P-07', 'MBA (Specialized)', 'D14', 60, '2 Years');
INSERT INTO "programs" ("id", "name", "department_id", "credits", "duration") VALUES ('P-08', 'B.A. in History', 'D3', 120, '4 Years');
INSERT INTO "programs" ("id", "name", "department_id", "credits", "duration") VALUES ('P-09', 'B.Sc. in Mathematics', 'D10', 130, '4 Years');
INSERT INTO "programs" ("id", "name", "department_id", "credits", "duration") VALUES ('P-10', 'M.Sc. in Data Science', 'D17', 36, '1.5 Years');
INSERT INTO "programs" ("id", "name", "department_id", "credits", "duration") VALUES ('P-11', 'B.A. in Bengali', 'D2', 120, '4 Years');
INSERT INTO "programs" ("id", "name", "department_id", "credits", "duration") VALUES ('P-12', 'Master of Laws (LL.M.)', 'D5', 36, '1 Year');
INSERT INTO "programs" ("id", "name", "department_id", "credits", "duration") VALUES ('P-13', 'M.A. in International Law', 'D6', 36, '1 Year');
INSERT INTO "programs" ("id", "name", "department_id", "credits", "duration") VALUES ('P-14', 'M.A. in Human Rights', 'D7', 36, '1 Year');
INSERT INTO "programs" ("id", "name", "department_id", "credits", "duration") VALUES ('P-15', 'B.Sc. in Chemistry', 'D9', 136, '4 Years');
INSERT INTO "programs" ("id", "name", "department_id", "credits", "duration") VALUES ('P-16', 'B.Sc. in Statistics', 'D11', 132, '4 Years');
INSERT INTO "programs" ("id", "name", "department_id", "credits", "duration") VALUES ('P-17', 'B.Sc. in Botany', 'D12', 128, '4 Years');
INSERT INTO "programs" ("id", "name", "department_id", "credits", "duration") VALUES ('P-18', 'B.BA in Finance & Banking', 'D15', 132, '4 Years');
INSERT INTO "programs" ("id", "name", "department_id", "credits", "duration") VALUES ('P-19', 'B.BA in Marketing', 'D16', 132, '4 Years');
INSERT INTO "programs" ("id", "name", "department_id", "credits", "duration") VALUES ('P-20', 'B.Sc. in Civil Engineering', 'D19', 144, '4 Years');
INSERT INTO "assignments" ("id", "course_id", "title", "due_date", "total_points") VALUES ('A-01', 'CS-101', 'Big O Complexity Analysis', '2026-06-20', 100);
INSERT INTO "assignments" ("id", "course_id", "title", "due_date", "total_points") VALUES ('A-02', 'MTH-201', 'Matrix Inversion Project', '2026-06-25', 100);
INSERT INTO "submissions" ("id", "assignment_id", "student_id", "student_name", "course_id", "submission_date", "file_url", "grade") VALUES ('S-01', 'A-01', '3', 'Emon Sarker', 'C1', '2026-06-18', 'big_o_report.pdf', '95');
INSERT INTO "submissions" ("id", "assignment_id", "student_id", "student_name", "course_id", "submission_date", "file_url", "grade") VALUES ('S-02', 'A-01', 'dbZguN2EI5k', 'Abul Hasan', 'C1', '2026-06-19', 'complexity.pdf', NULL);
INSERT INTO "submissions" ("id", "assignment_id", "student_id", "student_name", "course_id", "submission_date", "file_url", "grade") VALUES ('S-03', 'A-01', '6kPK6SQR8wI', 'Tanvir', 'C1', '2026-06-20', 'analysis.pdf', NULL);
INSERT INTO "submissions" ("id", "assignment_id", "student_id", "student_name", "course_id", "submission_date", "file_url", "grade") VALUES ('S-04', 'A-03', '3', 'Emon Sarker', 'C2', '2026-06-15', 'graph_traversal.zip', NULL);
INSERT INTO "discussions" ("id", "course_id", "user_id", "title", "content", "date") VALUES ('D-01', 'CS-101', '3', 'Best resources for QuickSort?', 'Looking for some good visualizations for QuickSort algorithm.', '2026-05-15');
INSERT INTO "replies" ("id", "discussion_id", "user_id", "content", "date") VALUES ('R-01', 'D-01', '_bUfEoxkwxo', 'Check out Visualgo.net, it has great animations!', '2026-05-15');
INSERT INTO "notifications" ("id", "user_id", "message", "read", "timestamp") VALUES ('N1', '3', 'Your registration for Fall Semester is pending advisor approval.', true, '2026-05-12T10:00:00Z');
INSERT INTO "system_stats" ("total_universities", "total_students", "total_revenue", "active_users", "id") VALUES (43, 1260000, 4525000, 90000, 'auto-522981');
INSERT INTO "invoices" ("id", "student_id", "student_name", "credits", "amount", "status", "date") VALUES ('INV-001', '3', 'Emon Sarker', 14, 2100, 'Paid', '2026-05-10');
INSERT INTO "invoices" ("id", "student_id", "student_name", "credits", "amount", "status", "date") VALUES ('INV-002', 'dbZguN2EI5k', 'Abul Hasan', 18, 2700, 'Unpaid', '2026-05-12');
INSERT INTO "applicants" ("id", "name", "email", "phone", "status", "applied_date") VALUES ('APP-001', 'Sarah Ahmed', 'sarah@example.com', '+8801711223344', 'Under Review', '2026-05-10');
INSERT INTO "applications" ("id", "applicant_id", "program_id", "status", "personal_info", "academic_info", "full_name", "dob", "gender", "previous_inst", "ssc_gpa", "hsc_gpa", "applied_date", "faculty_id", "department_id") VALUES ('APL-001', 'APP-001', 'P-01', 'Under Review', '{"fullName":"Sarah Ahmed","dob":"2004-12-05","gender":"Female"}', '{"sscGpa":5,"hscGpa":5,"previousInst":"Dhaka City College"}', NULL, NULL, NULL, NULL, NULL, NULL, NULL, NULL, NULL);
INSERT INTO "applications" ("id", "applicant_id", "program_id", "status", "personal_info", "academic_info", "full_name", "dob", "gender", "previous_inst", "ssc_gpa", "hsc_gpa", "applied_date", "faculty_id", "department_id") VALUES ('aLQUKE7S0zc', 'APP-328', 'P-08', 'Pending', NULL, NULL, 'Mahbub', '2026-05-17', 'Male', 'abc', 5, 5, '2026-05-16T19:53:42.768Z', NULL, NULL);
INSERT INTO "applications" ("id", "applicant_id", "program_id", "status", "personal_info", "academic_info", "full_name", "dob", "gender", "previous_inst", "ssc_gpa", "hsc_gpa", "applied_date", "faculty_id", "department_id") VALUES ('mRAhUFXQGdQ', 'APP-560', 'P-02', 'Pending', NULL, NULL, 'emon', '2016-10-22', 'Male', 'CVGC', 4.56, 4.42, '2026-05-16T20:12:20.991Z', NULL, NULL);
INSERT INTO "applications" ("id", "applicant_id", "program_id", "status", "personal_info", "academic_info", "full_name", "dob", "gender", "previous_inst", "ssc_gpa", "hsc_gpa", "applied_date", "faculty_id", "department_id") VALUES ('b-Atkdl5JAw', 'APP-55', 'P-03', 'Pending', NULL, NULL, 'abc', '2026-05-24', 'Male', 'asdlkfj;', 5, 5, '2026-05-24T09:33:27.447Z', NULL, NULL);
INSERT INTO "applications" ("id", "applicant_id", "program_id", "status", "personal_info", "academic_info", "full_name", "dob", "gender", "previous_inst", "ssc_gpa", "hsc_gpa", "applied_date", "faculty_id", "department_id") VALUES ('yCZo0_ALt0o', 'APP-715', 'P-01', 'Pending', NULL, NULL, 'Test Applicant', '2004-12-05', 'Male', 'Dhaka City College', 5, 5, '2026-06-08T04:20:37.637Z', NULL, NULL);
INSERT INTO "applications" ("id", "applicant_id", "program_id", "status", "personal_info", "academic_info", "full_name", "dob", "gender", "previous_inst", "ssc_gpa", "hsc_gpa", "applied_date", "faculty_id", "department_id") VALUES ('AqzvUqkaRv0', 'APP-732', 'P-02', 'Pending', NULL, NULL, 'Md. Tanvir ', '2000-01-01', 'Male', 'Pabna', 5, 5, '2026-06-08T04:26:43.664Z', NULL, NULL);
INSERT INTO "applications" ("id", "applicant_id", "program_id", "status", "personal_info", "academic_info", "full_name", "dob", "gender", "previous_inst", "ssc_gpa", "hsc_gpa", "applied_date", "faculty_id", "department_id") VALUES ('ZBaJH1MgS_I', 'APP-29', 'P-05', 'Pending', NULL, NULL, 'Mahbub', '2026-06-23', 'Male', 'Mahbub', 5, 5, '2026-06-08T05:22:14.038Z', NULL, NULL);
INSERT INTO "applications" ("id", "applicant_id", "program_id", "status", "personal_info", "academic_info", "full_name", "dob", "gender", "previous_inst", "ssc_gpa", "hsc_gpa", "applied_date", "faculty_id", "department_id") VALUES ('SJE3zly_jlU', 'APP-979', 'P-01', 'Pending', NULL, NULL, 'Emon ', '2020-01-01', 'Male', 'abc', 5, 5, '2026-06-08T06:20:43.164Z', 'F5', 'D17');
INSERT INTO "applications" ("id", "applicant_id", "program_id", "status", "personal_info", "academic_info", "full_name", "dob", "gender", "previous_inst", "ssc_gpa", "hsc_gpa", "applied_date", "faculty_id", "department_id") VALUES ('idcbmc5U-Jw', 'APP-54', 'P-03', 'Pending', NULL, NULL, 'Emon Sarker', '2026-07-09', 'Male', '44', 4, 4, '2026-06-08T06:26:43.772Z', 'F1', 'D1');
INSERT INTO "applications" ("id", "applicant_id", "program_id", "status", "personal_info", "academic_info", "full_name", "dob", "gender", "previous_inst", "ssc_gpa", "hsc_gpa", "applied_date", "faculty_id", "department_id") VALUES ('h1KEzg7bLd4', 'APP-22', 'P-09', 'Pending', NULL, NULL, 'Emran Hossain', '1999-09-09', 'Female', 'MIT', 5, 5, '2026-06-08T06:34:43.291Z', 'F3', 'D10');
INSERT INTO "applications" ("id", "applicant_id", "program_id", "status", "personal_info", "academic_info", "full_name", "dob", "gender", "previous_inst", "ssc_gpa", "hsc_gpa", "applied_date", "faculty_id", "department_id") VALUES ('yYpsC0VocS0', 'APP-728', 'P-05', 'Pending', NULL, NULL, 'Emran Hossain', '1998-04-12', 'Male', 'Chittagong College', 5, 5, '2026-06-08T06:42:14.740Z', 'F3', 'D8');
INSERT INTO "applications" ("id", "applicant_id", "program_id", "status", "personal_info", "academic_info", "full_name", "dob", "gender", "previous_inst", "ssc_gpa", "hsc_gpa", "applied_date", "faculty_id", "department_id") VALUES ('gnJYE0XuSFU', 'APP-380', 'P-01', 'Pending', NULL, NULL, 'Emran Hossain', '2000-01-01', 'Male', 'Dhaka College', 5, 5, '2026-06-08T06:49:12.001Z', 'F5', 'D17');
INSERT INTO "applications" ("id", "applicant_id", "program_id", "status", "personal_info", "academic_info", "full_name", "dob", "gender", "previous_inst", "ssc_gpa", "hsc_gpa", "applied_date", "faculty_id", "department_id") VALUES ('5r7pmgYmU2c', 'APP-236', 'P-04', 'Pending', NULL, NULL, 'Sarker', '2026-07-01', 'Female', '5', 5, 5, '2026-06-08T07:02:53.280Z', 'F2', 'D4');
INSERT INTO "books" ("id", "title", "author", "category", "stock", "available") VALUES ('B-01', 'Introduction to Algorithms', 'CLRS', 'Computer Science', 5, 3);
INSERT INTO "books" ("id", "title", "author", "category", "stock", "available") VALUES ('B-02', 'Clean Code', 'Robert C. Martin', 'Software Engineering', 10, 8);
INSERT INTO "hostel_rooms" ("id", "block", "type", "capacity", "occupied", "status") VALUES ('H-101', 'A', 'Double', 2, 1, 'Available');
INSERT INTO "hostel_rooms" ("id", "block", "type", "capacity", "occupied", "status") VALUES ('H-201', 'B', 'Single', 1, 1, 'Full');
INSERT INTO "buses" ("id", "route", "driver", "capacity", "registered") VALUES ('BUS-01', 'Route A (Dhanmondi)', 'Rahim', 40, 38);
INSERT INTO "buses" ("id", "route", "driver", "capacity", "registered") VALUES ('BUS-02', 'Route B (Uttara)', 'Karim', 40, 25);
INSERT INTO "staff" ("id", "name", "email", "role") VALUES ('S-01', 'Admin User', 'admin@smartuni.edu', 'Super Admin');
INSERT INTO "staff" ("id", "name", "email", "role") VALUES ('S-02', 'Admissions Head', 'admission@smartuni.edu', 'Admission Officer');
INSERT INTO "financial_rates" ("undergrad_rate", "grad_rate", "facility_fee", "id") VALUES (150, 250, 200, 'auto-671494');
INSERT INTO "exam_batches" ("id", "semester", "department", "total_courses", "graded_courses", "status") VALUES ('B-FALL-26', 'Fall 2026', 'Computer Science', 12, 8, 'In Progress');
INSERT INTO "activity_logs" ("id", "title", "time", "timestamp", "type") VALUES ('1', 'New university boarded: Stanford', '2 minutes ago', '2026-06-07T16:51:22Z', 'info');
INSERT INTO "activity_logs" ("id", "title", "time", "timestamp", "type") VALUES ('2', 'Database backup completed', '1 hour ago', '2026-06-07T15:53:22Z', 'success');
INSERT INTO "activity_logs" ("id", "title", "time", "timestamp", "type") VALUES ('3', 'High traffic warning: AWS Node 3', '3 hours ago', '2026-06-07T13:53:22Z', 'warning');
INSERT INTO "activity_logs" ("id", "title", "time", "timestamp", "type") VALUES ('4', 'Payment gateway error', '5 hours ago', '2026-06-07T11:53:22Z', 'error');
INSERT INTO "activity_logs" ("id", "title", "time", "timestamp", "type") VALUES ('GqHRxzfME-U', 'New university onboarded: Smart University', 'Just now', '2026-06-27T09:56:00.173Z', 'success');
INSERT INTO "faculty_settings" ("id", "user_id", "theme", "sidebar_collapsed", "email_notifications", "assignment_notifications", "exam_notifications", "message_notifications", "profile_visibility", "phone_visibility", "last_updated") VALUES ('1', '_bUfEoxkwxo', 'dark', false, true, true, true, true, true, false, '2026-06-08T03:41:48.328Z');
INSERT INTO "sessions" ("id", "user_id", "device", "ip_address", "location", "last_active", "current") VALUES ('sess-1', '_bUfEoxkwxo', 'Chrome on Windows 11 (Current)', '192.168.1.102', 'Chittagong, Bangladesh', 'Active Now', true);
INSERT INTO "sessions" ("id", "user_id", "device", "ip_address", "location", "last_active", "current") VALUES ('sess-3', '_bUfEoxkwxo', 'Firefox on MacOS', '180.234.120.55', 'Sylhet, Bangladesh', '3 days ago', false);
